timestamp,action,size,type,price,exec_inst,fill_price,slippage
1765557503.694058,BUY,0.4705882352941177,MARKET,90000.0,NORMAL,90006.35518464165,6.3551846416521585
1765557508.983149,BUY,0.4705882352941177,MARKET,90000.0,NORMAL,90013.06588610417,13.065886104173842
1765557514.2595782,BUY,0.4705882352941177,MARKET,90000.0,NORMAL,90009.60358143301,9.603581433009822
1765557519.539998,BUY,0.4705882352941177,MARKET,90000.0,NORMAL,90012.83254180061,12.832541800613399
1765557524.835805,BUY,0.4705882352941177,MARKET,90000.0,NORMAL,90011.44635747468,11.446357474676915
1765557530.120228,BUY,0.4705882352941177,MARKET,90000.0,NORMAL,90007.88631862578,7.8863186257804045
1765557535.3978372,BUY,0.4705882352941177,MARKET,90000.0,NORMAL,90008.38631920436,8.386319204364554
1765557728.5623639,BUY,0.6516495602471489,MARKET,90000.0,NORMAL,90015.61638216017,15.616382160165813
1765557734.223118,BUY,0.6516501733234951,MARKET,90000.0,NORMAL,90013.88355261012,13.883552610117476
1765557741.643332,BUY,0.651651041848319,MARKET,90000.0,NORMAL,90002.48540185322,2.4854018532205373
1765557746.941926,BUY,0.6516521658216204,MARKET,90000.0,NORMAL,90011.83575725678,11.83575725677656
1765557752.245248,BUY,0.6516541072300502,MARKET,90000.0,NORMAL,90002.91365998216,2.9136599821649725
1765557757.540938,BUY,0.6516555377415248,MARKET,90000.0,NORMAL,90014.16980549418,14.169805494180764
1765557763.216481,BUY,0.6516569682529996,MARKET,90000.0,NORMAL,90012.36182944922,12.36182944921893
1765557768.541065,BUY,0.6516584498541697,MARKET,90000.0,NORMAL,90014.14832424808,14.148324248075369
1765557773.842962,BUY,0.6516602379935129,MARKET,90000.0,NORMAL,90001.59032478782,1.5903247878159164
1765557779.166369,BUY,0.6516599314553398,MARKET,90000.0,NORMAL,90010.92241019507,10.922410195067641
1765557784.61242,BUY,0.6516648360661098,MARKET,90000.0,NORMAL,90002.86618692428,2.866186924278736
1765557789.909208,BUY,0.6516686167035785,MARKET,90000.0,NORMAL,90006.13294148842,6.132941488423967
1765557795.2106009,BUY,0.6516676459993636,MARKET,90000.0,NORMAL,90001.62119817291,1.6211981729138643
1765557800.496544,BUY,0.6516642229897636,MARKET,90000.0,NORMAL,90010.57179522293,10.571795222931542
1765557805.934929,BUY,0.6516681058066233,MARKET,90000.0,NORMAL,90006.53983655167,6.539836551673943
1765557811.263459,BUY,0.6516729082380023,MARKET,90000.0,NORMAL,90000.03239925024,0.0323992502380861
1765557816.7087302,BUY,0.6516483340944563,MARKET,90000.0,NORMAL,90002.22250764757,2.222507647573366
1765557822.0222888,BUY,0.6516498156956265,MARKET,90000.0,NORMAL,90017.9490620698,17.949062069805223
1765557827.451139,BUY,0.6516500200544085,MARKET,90000.0,NORMAL,90006.5605320707,6.560532070696354
1765557832.748339,BUY,0.6516502244131906,MARKET,90000.0,NORMAL,90012.1042835916,12.104283591601416
1765557838.1811829,BUY,0.6516503265925817,MARKET,90000.0,NORMAL,90005.07734998487,5.077349984872853
1765557843.486563,BUY,0.6516315255846297,MARKET,90000.0,NORMAL,90010.80681630482,10.806816304815584
1765557848.922455,BUY,0.6516293287277223,MARKET,90000.0,NORMAL,90005.09729348675,5.097293486745912
1765557854.2376719,BUY,0.6516320875712804,MARKET,90000.0,NORMAL,90001.34933976269,1.3493397626880324
1765557859.5510778,BUY,0.6516324451991491,MARKET,90000.0,NORMAL,90006.28455358857,6.284553588571725
1765557864.866771,BUY,0.6516333648136685,MARKET,90000.0,NORMAL,90016.40449611231,16.40449611231452
1765557870.242341,BUY,0.6516327517373222,MARKET,90000.0,NORMAL,90015.7765320905,15.77653209050186
1765557875.565241,BUY,0.6516312701361521,MARKET,90000.0,NORMAL,90017.3479144876,17.347914487603703
1765557881.27154,BUY,0.6516307081495013,MARKET,90000.0,NORMAL,90010.53439163137,10.534391631372273
1765557886.598998,BUY,0.6516300950731551,MARKET,90000.0,NORMAL,90006.70267899736,6.7026789973606355
1765557891.921356,BUY,0.651633211544582,MARKET,90000.0,NORMAL,90017.33060522305,17.330605223047314
1765557897.249074,BUY,0.6516364301953997,MARKET,90000.0,NORMAL,90015.68789731932,15.687897319323383
1765557902.6692579,BUY,0.6516340289797102,MARKET,90000.0,NORMAL,90002.47880475645,2.4788047564506996
1765557907.967347,BUY,0.6516333137239729,MARKET,90000.0,NORMAL,90010.10368781946,10.103687819457264
1765557913.3808022,BUY,0.6516362769263132,MARKET,90000.0,NORMAL,90001.0822651862,1.0822651861963095
1765557918.6766028,BUY,0.651635766029358,MARKET,90000.0,NORMAL,90014.01465684648,14.014656846484286
1765557924.0009558,BUY,0.6516333137239729,MARKET,90000.0,NORMAL,90009.27729888058,9.277298880580929
1765557929.2961779,BUY,0.6516315255846297,MARKET,90000.0,NORMAL,90013.17553421193,13.175534211928607
1765557934.740797,BUY,0.6516327517373222,MARKET,90000.0,NORMAL,90007.71068371298,7.710683712983155
1765557940.0341592,BUY,0.6516350507736207,MARKET,90000.0,NORMAL,90001.41224537528,1.4122453752788715
1765557945.3411388,BUY,0.6516308103288924,MARKET,90000.0,NORMAL,90001.98931501382,1.9893150138232158
1765557950.674573,BUY,0.6516328539167132,MARKET,90000.0,NORMAL,90004.4996904342,4.499690434196964
1765557955.999208,BUY,0.6516328539167132,MARKET,90000.0,NORMAL,90010.63989485985,10.639894859850756
1765558043.332148,BUY,0.6516301461628506,MARKET,90000.0,NORMAL,90000.28207657166,0.282076571660582
1765558048.624741,BUY,0.6516298396246775,MARKET,90000.0,NORMAL,90003.12651981588,3.126519815879874
1765558053.9235032,BUY,0.6516298396246775,MARKET,90000.0,NORMAL,90009.28289652865,9.282896528646233
1765558059.2256808,BUY,0.6516292776380267,MARKET,90000.0,NORMAL,90017.99301252406,17.993012524064397
1765558064.67822,BUY,0.6516293287277223,MARKET,90000.0,NORMAL,90005.78870808722,5.788708087216946
1765558070.00369,BUY,0.6516269786017282,MARKET,90000.0,NORMAL,90004.67446172686,4.674461726855952
1765558075.457904,BUY,0.6516272340502058,MARKET,90000.0,NORMAL,90000.29153287085,0.29153287084773183
1765558081.222992,BUY,0.6516290221895491,MARKET,90000.0,NORMAL,90005.88911592808,5.889115928075626
1765558086.5916958,BUY,0.6516323941094535,MARKET,90000.0,NORMAL,90009.97045769414,9.970457694143988
1765558091.905356,BUY,0.6516318321228028,MARKET,90000.0,NORMAL,90006.8544940417,6.854494041705038
1765558097.2194839,BUY,0.6516292776380267,MARKET,90000.0,NORMAL,90003.82236987734,3.822369877336314
1765558102.526207,BUY,0.6516277449471611,MARKET,90000.0,NORMAL,90010.07625520774,10.076255207735812
1765558107.840298,BUY,0.6516277449471611,MARKET,90000.0,NORMAL,90006.84508291482,6.845082914820523
1765558113.553486,BUY,0.6516278982162477,MARKET,90000.0,NORMAL,90015.28308188035,15.283081880348618
1765558118.873541,BUY,0.6516294309071133,MARKET,90000.0,NORMAL,90004.90817979384,4.908179793841555
1765558124.3255942,BUY,0.6516291243689402,MARKET,90000.0,NORMAL,90014.111403173,14.111403172995779
1765558129.744873,BUY,0.6516271318708148,MARKET,90000.0,NORMAL,90006.57332044242,6.573320442417753
1765558135.057578,BUY,0.6516296863555909,MARKET,90000.0,NORMAL,90004.14420549847,4.144205498465453
1765558140.354569,BUY,0.651629788534982,MARKET,90000.0,NORMAL,90006.39136416114,6.391364161143429
1765558145.8127968,BUY,0.6516283580235074,MARKET,90000.0,NORMAL,90010.79795901108,10.797959011077182
1765558151.255664,BUY,0.6516305037907192,MARKET,90000.0,NORMAL,90004.40764812958,4.407648129577865
1765558414.577124,BUY,1.0,MARKET,90000.0,NORMAL,90006.29532218115,6.29532218114764
1765558468.542916,BUY,1.0,MARKET,90000.0,NORMAL,90011.09821588804,11.098215888036066
1765558526.684014,BUY,1.0,MARKET,90000.0,NORMAL,90003.00865404643,3.008654046425363
1765558531.962569,BUY,0.64,MARKET,90000.0,NORMAL,90014.11590544213,14.115905442129588
1765558537.245993,BUY,0.64,MARKET,90000.0,NORMAL,90017.17874979028,17.1787497902842
1765558542.654303,BUY,0.64,MARKET,90000.0,NORMAL,90009.5662806033,9.56628060330695
1765558547.922067,BUY,1.0,MARKET,90000.0,NORMAL,90014.51585830923,14.515858309227042
1765558553.18398,BUY,0.64,MARKET,90000.0,NORMAL,90012.58143138354,12.581431383543531
1765558585.4637492,BUY,1.0,MARKET,90000.0,NORMAL,90004.19617362143,4.196173621428898
1765558611.8168252,BUY,0.64,MARKET,90000.0,NORMAL,90002.30989089538,2.3098908953834325
1765558651.4332612,BUY,1.0,MARKET,90000.0,NORMAL,90013.69641466736,13.696414667356294
1765558656.732016,BUY,1.0,MARKET,90000.0,NORMAL,90016.26922988782,16.269229887824622
1765558667.3340511,BUY,1.0,MARKET,90000.0,NORMAL,90016.90780583807,16.90780583806918
1765558672.6231291,BUY,1.0,MARKET,90000.0,NORMAL,90004.35723138676,4.357231386762578
1765558677.928406,BUY,1.0,MARKET,90000.0,NORMAL,90002.12221547963,2.1222154796269024
1765558693.760195,BUY,1.0,MARKET,90000.0,NORMAL,90014.32898440417,14.328984404171933
1765558699.046619,BUY,1.0,MARKET,90000.0,NORMAL,90005.31185218686,5.311852186860051
1765558704.3656929,BUY,1.0,MARKET,90000.0,NORMAL,90012.39861104632,12.398611046315636
1765558709.635207,BUY,1.0,MARKET,90000.0,NORMAL,90009.12354046473,9.123540464730468
1765558859.124427,BUY,1.0,MARKET,90000.0,NORMAL,90009.45445196063,9.454451960627921
1765559193.796031,BUY,1.0,MARKET,90000.0,NORMAL,90012.81208464771,12.812084647710435
1765559199.3515809,BUY,0.64,MARKET,90000.0,NORMAL,90011.64427149495,11.644271494951681
1765559216.261847,BUY,1.0,MARKET,90000.0,NORMAL,90008.72724298284,8.727242982844473
1765559243.281576,BUY,1.0,MARKET,90000.0,NORMAL,90012.48698693728,12.486986937277834
1765559272.047504,BUY,0.64,MARKET,90000.0,NORMAL,90005.85079377478,5.85079377477814
1765559277.376943,BUY,0.64,MARKET,90000.0,NORMAL,90011.0588307654,11.058830765396124
1765559283.332798,BUY,0.64,MARKET,90000.0,NORMAL,90005.56419850807,5.564198508072877
1765559288.757536,BUY,0.3999999999999999,MARKET,90000.0,NORMAL,90011.29151477027,11.291514770273352
1765559294.229745,BUY,0.3999999999999999,MARKET,90000.0,NORMAL,90013.6962185286,13.696218528595637
1765559299.641993,BUY,0.64,MARKET,90000.0,NORMAL,90017.77628296468,17.77628296468174
1765559304.9569762,BUY,0.64,MARKET,90000.0,NORMAL,90011.35839452235,11.358394522350864
1765559315.8555572,BUY,0.64,MARKET,90000.0,NORMAL,90000.67828109031,0.6782810903096106
1765559592.954901,BUY,0.4,MARKET,90000.0,NORMAL,90017.72465671618,17.724656716178288
1765559609.4361868,BUY,0.4,MARKET,90000.0,NORMAL,90004.74142336423,4.741423364233924
1765559614.712515,BUY,0.4,MARKET,90000.0,NORMAL,90011.28408568658,11.28408568658051
1765559619.972801,BUY,0.4,MARKET,90000.0,NORMAL,90002.70094125152,2.7009412515180884
1765559625.243882,BUY,0.4,MARKET,90000.0,NORMAL,90016.54990640252,16.54990640252072
1765559630.508876,BUY,0.4,MARKET,90000.0,NORMAL,90008.6998325777,8.699832577694906
1765559635.768605,BUY,0.4,MARKET,90000.0,NORMAL,90002.76533537485,2.7653353748464724
1765559651.9205298,BUY,0.4,MARKET,90000.0,NORMAL,90013.36209840748,13.362098407480516
1765559657.196001,BUY,0.4,MARKET,90000.0,NORMAL,90005.25795574626,5.25795574625954
1765559662.480354,BUY,0.4,MARKET,90000.0,NORMAL,90011.38772959031,11.387729590307572
1765559667.7682471,BUY,0.4,MARKET,90000.0,NORMAL,90011.48018119308,11.48018119308108
1765559673.04185,BUY,0.4,MARKET,90000.0,NORMAL,90016.85829818391,16.858298183913575
1765559678.313806,BUY,0.4,MARKET,90000.0,NORMAL,90005.79138971768,5.791389717676793
1765559683.587048,BUY,0.4,MARKET,90000.0,NORMAL,90004.19978555029,4.199785550285014
1765559688.982655,BUY,0.4,MARKET,90000.0,NORMAL,90007.64920301469,7.649203014691011
1765559694.265972,BUY,0.4,MARKET,90000.0,NORMAL,90015.80051714201,15.800517142008175
1765559699.53365,BUY,0.4,MARKET,90000.0,NORMAL,90014.49246918212,14.492469182121567
1765559716.725003,BUY,0.4,MARKET,90000.0,NORMAL,90016.90510913673,16.905109136729152
1765559722.000065,BUY,0.4,MARKET,90000.0,NORMAL,90008.14854757431,8.148547574310214
1765559727.2530088,BUY,0.4,MARKET,90000.0,NORMAL,90011.23588877353,11.23588877353177
1765559732.53526,BUY,0.4,MARKET,90000.0,NORMAL,90010.69078325543,10.69078325542796
1765559738.789226,BUY,0.4,MARKET,90000.0,NORMAL,90013.26439691223,13.264396912229131
1765559744.061012,BUY,0.4,MARKET,90000.0,NORMAL,90004.30051459288,4.300514592876425
1765559755.610271,BUY,0.4,MARKET,90000.0,NORMAL,90011.65477067648,11.654770676483167
1765559776.716515,BUY,0.4,MARKET,90000.0,NORMAL,90011.65193875335,11.651938753348077
1765559781.997157,BUY,0.4,MARKET,90000.0,NORMAL,90003.35775630373,3.357756303725182
1765559787.2621849,BUY,0.24,MARKET,90000.0,NORMAL,90006.65043660151,6.6504366015142296
1765559792.523684,BUY,0.24,MARKET,90000.0,NORMAL,90012.54117944925,12.541179449253832
1765559797.808365,BUY,0.24,MARKET,90000.0,NORMAL,90015.6048196708,15.60481967079977
1765559803.088319,BUY,0.24,MARKET,90000.0,NORMAL,90007.75710901467,7.757109014666639
1765559808.3519108,BUY,0.24,MARKET,90000.0,NORMAL,90003.7420413241,3.74204132410523
1765559813.644682,BUY,0.24,MARKET,90000.0,NORMAL,90014.17321186204,14.17321186204208
1765560312.351994,SELL,0.3,MARKET,90000.0,NORMAL,89990.89780874262,9.102191257377854
1765560317.708631,SELL,0.3,MARKET,90000.0,NORMAL,89990.71929717888,9.280702821124578
1765560323.008075,SELL,0.3,MARKET,90000.0,NORMAL,89992.03216069228,7.9678393077192595
1765560328.458208,SELL,0.3,MARKET,90000.0,NORMAL,89996.87386509914,3.126134900856414
1765560333.750667,SELL,0.3,MARKET,90000.0,NORMAL,89993.09493681388,6.9050631861173315
1765560339.04463,SELL,0.3,MARKET,90000.0,NORMAL,89982.5471218814,17.452878118594526
1765560344.33099,SELL,0.3,MARKET,90000.0,NORMAL,89990.33242349888,9.667576501116855
1765560349.627669,SELL,0.3,MARKET,90000.0,NORMAL,89982.25873508067,17.741264919328387
1765560354.9140322,SELL,0.3,MARKET,90000.0,NORMAL,89999.72120245225,0.278797547754948
1765560360.2219431,SELL,0.3,MARKET,90000.0,NORMAL,89996.58341291471,3.4165870852884836
1765560381.441771,SELL,0.3,MARKET,90000.0,NORMAL,89984.36353960935,15.636460390654975
1765560386.741466,SELL,0.3,MARKET,90000.0,NORMAL,89982.15877965972,17.841220340284053
1765560392.0347872,SELL,0.3,MARKET,90000.0,NORMAL,89986.75038127489,13.24961872510903
1765560397.327412,SELL,0.3,MARKET,90000.0,NORMAL,89993.13360914645,6.86639085355273
1765560402.6608949,SELL,0.3,MARKET,90000.0,NORMAL,89990.64447110826,9.355528891741415
1765560407.964258,SELL,0.3,MARKET,90000.0,NORMAL,89988.66522888417,11.334771115827607
1765560413.2532248,SELL,0.3,MARKET,90000.0,NORMAL,89983.80616105172,16.193838948282064
1765560418.560813,SELL,0.3,MARKET,90000.0,NORMAL,89988.20930694691,11.790693053088035
1765560460.971102,SELL,0.3,MARKET,90000.0,NORMAL,89992.59659692385,7.4034030761540635
1765560466.678293,SELL,0.3,MARKET,90000.0,NORMAL,89986.73537036411,13.264629635887104
1765560472.73054,SELL,0.3,MARKET,90000.0,NORMAL,89988.17582922369,11.824170776308165
1765560478.023284,SELL,0.3,MARKET,90000.0,NORMAL,89992.7857536285,7.21424637149903
1765560501.918607,BUY,0.3,MARKET,90000.0,NORMAL,90006.64507683241,6.645076832413906
1765560519.910424,BUY,0.3,MARKET,90000.0,NORMAL,90006.16591785282,6.165917852820712
1765560525.204729,BUY,0.3,MARKET,90000.0,NORMAL,90002.94589319463,2.9458931946282974
1765560530.523531,BUY,0.3,MARKET,90000.0,NORMAL,90006.14425991739,6.144259917389718
1765560535.831454,BUY,0.3,MARKET,90000.0,NORMAL,90003.04674541354,3.046745413535973
1765560560.796756,SELL,0.3,MARKET,90000.0,NORMAL,89984.67408579879,15.325914201210253
1765560567.123467,SELL,0.3,MARKET,90000.0,NORMAL,89985.75436446542,14.245635534578469
1765560572.4036748,SELL,0.3,MARKET,90000.0,NORMAL,89995.6455168013,4.354483198694652
1765560577.859065,SELL,0.3,MARKET,90000.0,NORMAL,89983.68179456155,16.318205438452424
1765560583.162004,SELL,0.3,MARKET,90000.0,NORMAL,89985.41173255038,14.588267449624254
1765560588.4682791,SELL,0.3,MARKET,90000.0,NORMAL,89992.9462796309,7.0537203691055765
1765560593.765795,SELL,0.3,MARKET,90000.0,NORMAL,89988.13303456528,11.866965434717713
1765560599.0649128,SELL,0.3,MARKET,90000.0,NORMAL,89988.88853340909,11.111466590911732
1765560604.369992,BUY,0.3,MARKET,90000.0,NORMAL,90008.4716735083,8.471673508305685
1765560637.0468988,BUY,0.3,MARKET,90000.0,NORMAL,90015.38258433162,15.382584331615362
1765560642.344074,BUY,0.3,MARKET,90000.0,NORMAL,90016.16472231901,16.164722319008433
1765560647.643272,BUY,0.3,MARKET,90000.0,NORMAL,90008.02780191832,8.027801918316982
1765560654.939379,BUY,0.3,MARKET,90000.0,NORMAL,90014.85699310916,14.856993109162431
1765560715.464276,SELL,0.3,MARKET,90000.0,NORMAL,89993.09498646916,6.9050135308352765
1765560737.8173802,BUY,0.3,MARKET,90000.0,NORMAL,90004.30128819731,4.301288197311806
1765560743.276187,BUY,0.3,MARKET,90000.0,NORMAL,90005.86033767794,5.860337677935604
1765560748.564492,BUY,0.3,MARKET,90000.0,NORMAL,90016.74418826742,16.744188267417485
1765560753.84674,BUY,0.3,MARKET,90000.0,NORMAL,90010.18428529319,10.184285293187713
1765560759.1634,BUY,0.3,MARKET,90000.0,NORMAL,90000.37767448173,0.3776744817296276
1765560764.455554,BUY,0.3,MARKET,90000.0,NORMAL,90011.51400479613,11.514004796132213
1765560769.7517781,BUY,0.3,MARKET,90000.0,NORMAL,90014.73094196645,14.73094196645252
1765560775.051208,BUY,0.3,MARKET,90000.0,NORMAL,90014.62122469062,14.621224690621602
1765560780.374261,BUY,0.3,MARKET,90000.0,NORMAL,90012.15037815049,12.150378150487086
1765560810.990616,BUY,0.3,MARKET,90000.0,NORMAL,90000.21440557459,0.21440557458845433
1765560814.938146,BUY,0.3,MARKET,90000.0,NORMAL,90013.83154290871,13.831542908708798
1765560816.3192089,BUY,0.3,MARKET,90000.0,NORMAL,90010.71930635412,10.719306354119908
1765560820.6348941,BUY,0.3,MARKET,90000.0,NORMAL,90011.98531878472,11.985318784718402
1765560821.8073149,BUY,0.3,MARKET,90000.0,NORMAL,90012.31852910949,12.318529109485098
1765560825.919231,BUY,0.3,MARKET,90000.0,NORMAL,90014.14867388504,14.14867388503626
1765560827.10178,BUY,0.3,MARKET,90000.0,NORMAL,90000.46644762692,0.4664476269244915
1765560831.2399511,SELL,0.5,MARKET,90000.0,NORMAL,89991.39197218552,8.60802781448001
1765560832.417922,SELL,0.5,MARKET,90000.0,NORMAL,89999.68599412587,0.3140058741264511
1765560836.526613,BUY,0.3,MARKET,90000.0,NORMAL,90001.59629750959,1.596297509589931
1765560837.7005372,BUY,0.3,MARKET,90000.0,NORMAL,90001.52104047169,1.521040471692686
1765560848.677253,SELL,0.3,MARKET,90000.0,NORMAL,89999.37916871635,0.6208312836533878
1765560857.8811169,SELL,0.5,MARKET,90000.0,NORMAL,89982.22343555884,17.776564441155642
1765560859.26478,SELL,0.5,MARKET,90000.0,NORMAL,89994.07706159282,5.922938407180482
1765560956.038712,SELL,0.3,MARKET,90000.0,NORMAL,89983.12492781681,16.87507218318933
1765560967.0652978,BUY,0.3,MARKET,90000.0,NORMAL,90003.37534336814,3.37534336814133
1765560972.358172,BUY,0.3,MARKET,90000.0,NORMAL,90007.8851727205,7.8851727205037605
1765560978.194731,BUY,0.3,MARKET,90000.0,NORMAL,90009.13008166733,9.130081667331979
1765560983.484595,BUY,0.3,MARKET,90000.0,NORMAL,90000.12786421592,0.12786421591590624
1765560988.774441,BUY,0.3,MARKET,90000.0,NORMAL,90001.66776345788,1.6677634578809375
1765561016.3626418,BUY,0.3,MARKET,90000.0,NORMAL,90002.39717109044,2.397171090444317
1765561064.06976,BUY,0.3,MARKET,90000.0,NORMAL,90000.3296053805,0.3296053804951953
1765561069.366079,BUY,0.3,MARKET,90000.0,NORMAL,90011.74261785073,11.742617850730312
1765561074.675433,BUY,0.3,MARKET,90000.0,NORMAL,90003.61010469154,3.6101046915428014
1765561079.978038,BUY,0.3,MARKET,90000.0,NORMAL,90011.54505910794,11.545059107942507
1765561090.58766,SELL,0.5,MARKET,90000.0,NORMAL,89987.54304701583,12.45695298416831
1765561095.872861,SELL,0.1500961615574692,MARKET,90000.0,NORMAL,89984.1333048917,15.86669510829961
1765561101.1797051,SELL,0.5,MARKET,90000.0,NORMAL,89992.52117282465,7.478827175349579
1765561127.653701,SELL,0.5,MARKET,90000.0,NORMAL,89990.44050141984,9.559498580158106
1765561132.9627662,SELL,0.1500961615574692,MARKET,90000.0,NORMAL,89993.98381365174,6.016186348264455
1765561138.254543,SELL,0.1500961615574692,MARKET,90000.0,NORMAL,89992.56685271436,7.433147285642917
1765561143.799946,SELL,0.5,MARKET,90000.0,NORMAL,89994.59697603536,5.403023964638123
1765561149.755958,SELL,0.5,MARKET,90000.0,NORMAL,89991.18094845196,8.81905154803826
1765561155.870316,SELL,0.3,MARKET,90000.0,NORMAL,89983.74283135982,16.25716864017886
1765561161.2010949,SELL,0.5,MARKET,90000.0,NORMAL,89995.82304508943,4.176954910566565
1765561166.477246,SELL,0.5,MARKET,90000.0,NORMAL,89991.63921302378,8.36078697621997
1765561171.950193,SELL,0.3,MARKET,90000.0,NORMAL,89989.74270634635,10.25729365364532
1765561177.313676,SELL,0.3,MARKET,90000.0,NORMAL,89999.07900097972,0.9209990202798508
1765561183.555131,SELL,0.3,MARKET,90000.0,NORMAL,89988.30640958055,11.693590419454267
1765561188.844773,SELL,0.5,MARKET,90000.0,NORMAL,89987.21930490341,12.780695096589625
1765561194.17936,SELL,0.5,MARKET,90000.0,NORMAL,89997.37786789921,2.6221321007906226
1765561199.4569228,SELL,0.5,MARKET,90000.0,NORMAL,89993.98417832075,6.0158216792478925
1765561205.194201,SELL,0.5,MARKET,90000.0,NORMAL,89984.67738159579,15.322618404214154
1765561210.484517,SELL,0.5,MARKET,90000.0,NORMAL,89985.4081522841,14.591847715899348
1765561215.7795599,SELL,0.3,MARKET,90000.0,NORMAL,89989.55005482836,10.449945171640138
1765561221.0816991,SELL,0.3,MARKET,90000.0,NORMAL,89986.51093918043,13.489060819571023
1765561226.383348,SELL,0.3,MARKET,90000.0,NORMAL,89985.97755343982,14.02244656017865
1765561231.7267148,SELL,0.5,MARKET,90000.0,NORMAL,89983.72635880191,16.273641198087716
1765561237.0444841,SELL,0.5,MARKET,90000.0,NORMAL,89997.18288010062,2.8171198993804865
1765561242.3528802,SELL,0.5,MARKET,90000.0,NORMAL,89985.65977452244,14.340225477557397
1765561247.632899,SELL,0.5,MARKET,90000.0,NORMAL,89985.35991793303,14.640082066965988
1765561258.5683122,SELL,0.3,MARKET,90000.0,NORMAL,89985.71304082382,14.28695917618461
1765561279.7702122,SELL,0.3,MARKET,90000.0,NORMAL,89982.39732810327,17.602671896733227
1765561285.0527701,SELL,0.3,MARKET,90000.0,NORMAL,89987.26090398345,12.73909601655032
1765561386.472737,SELL,0.1500961615574692,MARKET,90000.0,NORMAL,89991.72913434054,8.270865659462288
1765561391.7662568,SELL,0.1601976503806787,MARKET,90000.0,NORMAL,89988.53284524378,11.467154756217496
1765561398.461648,SELL,0.1601976503806787,MARKET,90000.0,NORMAL,89982.57036396196,17.42963603803946
1765561403.777104,SELL,0.15274951348345844,MARKET,90000.0,NORMAL,89999.76469883723,0.23530116277106572
1765561461.882074,SELL,0.5,MARKET,90000.0,NORMAL,89986.54507706064,13.454922939359676
1765561467.200087,SELL,0.15754429845468945,MARKET,90000.0,NORMAL,89987.02810843842,12.971891561581288
1765561472.51425,SELL,0.1500961615574692,MARKET,90000.0,NORMAL,89990.47876563635,9.521234363652184
1765561477.8159082,SELL,0.1500961615574692,MARKET,90000.0,NORMAL,89988.54182075293,11.458179247070802
1765561483.104626,SELL,0.1500961615574692,MARKET,90000.0,NORMAL,89999.02005041634,0.9799495836632559
1765561488.694567,SELL,0.1500961615574692,MARKET,90000.0,NORMAL,89990.89356365953,9.10643634047301
1765561493.970871,SELL,0.15754429845468945,MARKET,90000.0,NORMAL,89983.55591334858,16.44408665141964
1765561499.261067,SELL,0.15754429845468945,MARKET,90000.0,NORMAL,89995.21029646033,4.78970353967452
1765561504.5714712,SELL,0.1601976503806787,MARKET,90000.0,NORMAL,89990.5011731483,9.498826851704507
1765561511.164999,SELL,0.1601976503806787,MARKET,90000.0,NORMAL,89983.22819773553,16.771802264469443
1765561516.7215848,SELL,0.1601976503806787,MARKET,90000.0,NORMAL,89984.80210008394,15.197899916063761
1765561522.0399091,SELL,0.1601976503806787,MARKET,90000.0,NORMAL,89995.50141725963,4.4985827403725125
1765561527.341044,SELL,0.1601976503806787,MARKET,90000.0,NORMAL,89986.27234205665,13.727657943352824
1765561532.645922,SELL,0.1601976503806787,MARKET,90000.0,NORMAL,89992.13149305443,7.868506945567788
1765561537.933644,SELL,0.1601976503806787,MARKET,90000.0,NORMAL,89999.40426624994,0.5957337500585709
1765561543.7623181,SELL,0.1601976503806787,MARKET,90000.0,NORMAL,89986.30042079104,13.699579208958312
1765561549.599466,SELL,0.1601976503806787,MARKET,90000.0,NORMAL,89992.87441159546,7.125588404538576
1765561556.3035321,SELL,0.1601976503806787,MARKET,90000.0,NORMAL,89992.73036660776,7.269633392235846
1765561562.909468,SELL,0.5,MARKET,90000.0,NORMAL,89997.90588406527,2.094115934727597
1765561568.300151,SELL,0.5,MARKET,90000.0,NORMAL,89986.07698900306,13.923010996935773
1765561573.584936,SELL,0.5,MARKET,90000.0,NORMAL,89990.85522329411,9.144776705885306
1765561581.356385,SELL,0.5,MARKET,90000.0,NORMAL,89983.16465498535,16.835345014653285
1765561593.8440828,SELL,0.5,MARKET,90000.0,NORMAL,89985.04028800582,14.95971199417545
1765561599.4962492,SELL,0.5,MARKET,90000.0,NORMAL,89984.53003369989,15.469966300108354
1765561604.7975218,SELL,0.1500961615574692,MARKET,90000.0,NORMAL,89990.75155737392,9.248442626078031
1765561610.171534,SELL,0.1500961615574692,MARKET,90000.0,NORMAL,89999.94769598731,0.05230401268636342
1765561615.4564438,SELL,0.15754429845468945,MARKET,90000.0,NORMAL,89994.32829522181,5.671704778185813
1765561621.963825,SELL,0.1601976503806787,MARKET,90000.0,NORMAL,89984.92483386239,15.075166137612541
1765561627.250912,SELL,0.15274951348345844,MARKET,90000.0,NORMAL,89995.83392871173,4.166071288273088
1765561632.776271,SELL,0.1601976503806787,MARKET,90000.0,NORMAL,89983.15691779001,16.843082209990826
1765561638.0949152,SELL,0.1601976503806787,MARKET,90000.0,NORMAL,89982.05857744503,17.941422554969904
1765561643.41251,SELL,0.15274951348345844,MARKET,90000.0,NORMAL,89989.38580674074,10.614193259258172
1765561649.564016,SELL,0.15274951348345844,MARKET,90000.0,NORMAL,89986.14189100899,13.858108991014888
1765561655.449091,SELL,0.1601976503806787,MARKET,90000.0,NORMAL,89985.15593317978,14.844066820223816
1765561660.984457,SELL,0.1601976503806787,MARKET,90000.0,NORMAL,89993.35151371435,6.648486285645049
1765561666.284162,SELL,0.1601976503806787,MARKET,90000.0,NORMAL,89994.395276178,5.604723822005326
1765561671.5663319,SELL,0.1601976503806787,MARKET,90000.0,NORMAL,89984.62727363978,15.37272636021953
1765561676.878138,SELL,0.15274951348345844,MARKET,90000.0,NORMAL,89985.37970644514,14.620293554864475
1765561682.156102,SELL,0.5,MARKET,90000.0,NORMAL,89996.71724039153,3.282759608468041
1765561687.441034,SELL,0.1500961615574692,MARKET,90000.0,NORMAL,89992.24782085634,7.752179143659305
1765561692.7724879,SELL,0.1500961615574692,MARKET,90000.0,NORMAL,89986.3180571409,13.681942859097035
1765561698.0582762,SELL,0.1500961615574692,MARKET,90000.0,NORMAL,89996.86096258387,3.139037416127394
1765561703.354466,SELL,0.1500961615574692,MARKET,90000.0,NORMAL,89993.65332052053,6.34667947946582
1765561708.657771,SELL,0.5,MARKET,90000.0,NORMAL,89987.18546228112,12.814537718877546
1765561714.508439,SELL,0.5,MARKET,90000.0,NORMAL,89985.61015285656,14.389847143436782
1765561719.807754,SELL,0.5,MARKET,90000.0,NORMAL,89982.22038389042,17.779616109575727
1765561725.200638,SELL,0.5,MARKET,90000.0,NORMAL,89989.05196334672,10.948036653280724
1765561730.5004401,SELL,0.1500961615574692,MARKET,90000.0,NORMAL,89996.67596257095,3.3240374290471664
1765561735.793192,SELL,0.15754429845468945,MARKET,90000.0,NORMAL,89991.02017398323,8.979826016773586
1765561741.134007,SELL,0.5,MARKET,90000.0,NORMAL,89984.60232709827,15.397672901730402
1765561746.452481,SELL,0.3,MARKET,90000.0,NORMAL,89994.24949291759,5.7505070824117865
1765561751.771699,SELL,0.3,MARKET,90000.0,NORMAL,89986.72922492046,13.270775079537998
1765561757.113556,SELL,0.3,MARKET,90000.0,NORMAL,89988.68630738299,11.313692617011839
1765561762.3957329,SELL,0.3,MARKET,90000.0,NORMAL,89986.1086554357,13.89134456429747
1765561767.679831,SELL,0.3,MARKET,90000.0,NORMAL,89995.05400424756,4.945995752437739
1765561773.112493,SELL,0.3,MARKET,90000.0,NORMAL,89983.35316304829,16.6468369517097
1765561778.405396,SELL,0.3,MARKET,90000.0,NORMAL,89999.85113149318,0.14886850681796204
1765561783.702142,SELL,0.3,MARKET,90000.0,NORMAL,89982.6359154121,17.364084587898105
1765561788.9971619,SELL,0.3,MARKET,90000.0,NORMAL,89989.65016853166,10.34983146833838
1765561794.313047,SELL,0.3,MARKET,90000.0,NORMAL,89989.64639220519,10.35360779480834
1765561799.725882,SELL,0.3,MARKET,90000.0,NORMAL,89997.0256853806,2.9743146193941357
1765561805.028633,SELL,0.5,MARKET,90000.0,NORMAL,89988.34004334161,11.659956658390001
1765561816.046575,SELL,0.3,MARKET,90000.0,NORMAL,89990.34784218205,9.652157817952684
1765561821.470738,SELL,0.3,MARKET,90000.0,NORMAL,89986.2812183877,13.718781612304156
1765561826.7593899,SELL,0.3,MARKET,90000.0,NORMAL,89989.33938856208,10.660611437924672
1765561832.0642738,SELL,0.3,MARKET,90000.0,NORMAL,89985.2802346848,14.719765315196128
1765561837.363055,SELL,0.3,MARKET,90000.0,NORMAL,89991.01290025268,8.987099747319007
1765561842.646927,SELL,0.3,MARKET,90000.0,NORMAL,89996.49746135896,3.5025386410416104
1765561847.929343,SELL,0.3,MARKET,90000.0,NORMAL,89994.81612744651,5.183872553490801
1765561853.20816,SELL,0.3,MARKET,90000.0,NORMAL,89997.97011465933,2.0298853406711714
1765561858.4937952,SELL,0.3,MARKET,90000.0,NORMAL,89998.18958959127,1.8104104087251471
1765561863.796857,SELL,0.5,MARKET,90000.0,NORMAL,89992.48403443949,7.515965560509358
1765561911.7684538,SELL,0.3,MARKET,90000.0,NORMAL,89982.9506572954,17.049342704602168
1765561917.4362931,SELL,0.3,MARKET,90000.0,NORMAL,89987.47514463645,12.524855363546521
1765561955.930084,SELL,0.3,MARKET,90000.0,NORMAL,89998.40771485073,1.5922851492650807
1765561961.660727,SELL,0.3,MARKET,90000.0,NORMAL,89988.27489857102,11.725101428979542
1765561966.953683,SELL,0.3,MARKET,90000.0,NORMAL,89999.60671815492,0.3932818450848572
1765561972.2480168,SELL,0.3,MARKET,90000.0,NORMAL,89992.95726446132,7.042735538678244
1765561977.5303109,SELL,0.3,MARKET,90000.0,NORMAL,89988.4778814408,11.522118559194496
1765562009.3700721,BUY,0.3,MARKET,90000.0,NORMAL,90003.91712940829,3.9171294082916575
1765562014.6929548,BUY,0.3,MARKET,90000.0,NORMAL,90015.16690692758,15.166906927581294
1765562020.0015612,BUY,0.3,MARKET,90000.0,NORMAL,90007.16964527208,7.169645272078924
1765562025.2964668,BUY,0.3,MARKET,90000.0,NORMAL,90001.97359525184,1.9735952518385602
1765562030.6064389,BUY,0.3,MARKET,90000.0,NORMAL,90000.56813329736,0.5681332973617828
1765562035.9095712,BUY,0.3,MARKET,90000.0,NORMAL,90013.46112910897,13.461129108967725
1765562092.1980522,SELL,0.3,MARKET,90000.0,NORMAL,89990.04725073544,9.952749264557497
1765562097.496191,SELL,0.3,MARKET,90000.0,NORMAL,89997.67604798502,2.323952014980023
1765562108.0846,BUY,0.3,MARKET,90000.0,NORMAL,90008.03021515477,8.030215154765756
1765562113.3912902,BUY,0.3,MARKET,90000.0,NORMAL,90004.19105178666,4.191051786663593
1765562118.688828,BUY,0.3,MARKET,90000.0,NORMAL,90006.8465208001,6.8465208000998246
1765562124.0010922,BUY,0.3,MARKET,90000.0,NORMAL,90004.28848768005,4.28848768005264
1765562129.2755,BUY,0.3,MARKET,90000.0,NORMAL,90010.5177535904,10.517753590393113
1765562134.571428,BUY,0.3,MARKET,90000.0,NORMAL,90013.87770402002,13.877704020022065
1765562139.922868,BUY,0.3,MARKET,90000.0,NORMAL,90017.07228294435,17.07228294435481
1765562145.2155929,BUY,0.3,MARKET,90000.0,NORMAL,90009.46862311057,9.46862311057339
1765562150.5340428,BUY,0.3,MARKET,90000.0,NORMAL,90008.87727445601,8.877274456011946
1765562156.376619,BUY,0.3,MARKET,90000.0,NORMAL,90001.49940420799,1.4994042079924839
1765562188.5779378,SELL,0.3,MARKET,90000.0,NORMAL,89999.57675182621,0.4232481737853959
1765562193.888044,SELL,0.3,MARKET,90000.0,NORMAL,89996.99597449334,3.004025506656035
1765562275.344094,SELL,0.3,MARKET,90000.0,NORMAL,89989.03156306906,10.968436930939788
1765562399.100218,SELL,0.5,MARKET,90000.0,NORMAL,89987.55823077571,12.441769224285963
1765562404.410233,SELL,0.5,MARKET,90000.0,NORMAL,89990.37056684594,9.629433154055732
1765562409.706989,SELL,0.5,MARKET,90000.0,NORMAL,89987.53380719981,12.466192800187855
1765562422.343199,SELL,0.5,MARKET,90000.0,NORMAL,89982.82936124878,17.170638751224033
1765562464.8368251,BUY,0.3,MARKET,90000.0,NORMAL,90004.49534345123,4.495343451228109
1765562470.161481,SELL,0.5,MARKET,90000.0,NORMAL,89992.54305006111,7.456949938889011
1765562475.47315,SELL,0.5,MARKET,90000.0,NORMAL,89995.64891811603,4.3510818839713465
1765562523.41183,SELL,0.5,MARKET,90000.0,NORMAL,89995.657755577,4.342244422994554
1765562528.702733,SELL,0.5,MARKET,90000.0,NORMAL,89998.56966592575,1.4303340742480941
1765562533.983009,SELL,0.5,MARKET,90000.0,NORMAL,89998.9783974916,1.0216025083936984
1765562545.134603,SELL,0.5,MARKET,90000.0,NORMAL,89989.09916258202,10.900837417982984
1765562550.432919,SELL,0.5,MARKET,90000.0,NORMAL,89988.82173450312,11.178265496884705
1765562555.7564979,SELL,0.5,MARKET,90000.0,NORMAL,89992.92951614493,7.0704838550736895
1765562561.079533,SELL,0.5,MARKET,90000.0,NORMAL,89988.77634011688,11.223659883122309
1765562566.3911529,SELL,0.5,MARKET,90000.0,NORMAL,89996.28375637047,3.7162436295329826
1765562571.7030249,BUY,0.3,MARKET,90000.0,NORMAL,90010.5000573582,10.500057358192862
1765562577.0098639,SELL,0.5,MARKET,90000.0,NORMAL,89986.9363497018,13.063650298194261
1765562582.300127,SELL,0.5,MARKET,90000.0,NORMAL,89999.31408228181,0.685917718190467
1765562587.6177611,SELL,0.5,MARKET,90000.0,NORMAL,89984.14341420197,15.85658579802839
1765562598.396853,SELL,0.5,MARKET,90000.0,NORMAL,89995.98456914329,4.015430856714374
1765562603.7341208,SELL,0.5,MARKET,90000.0,NORMAL,89986.9992209051,13.0007790949021
1765562609.9521139,SELL,0.5,MARKET,90000.0,NORMAL,89998.08345441503,1.9165455849724822
1765562615.2514079,SELL,0.5,MARKET,90000.0,NORMAL,89999.77486612898,0.22513387101935223
1765562620.5449228,SELL,0.5,MARKET,90000.0,NORMAL,89984.6875798542,15.31242014579766
1765562625.858019,SELL,0.5,MARKET,90000.0,NORMAL,89986.94996829028,13.050031709717587
1765562631.158061,SELL,0.5,MARKET,90000.0,NORMAL,89993.7318095654,6.2681904345954536
1765562636.435561,SELL,0.15754429845468945,MARKET,90000.0,NORMAL,89986.69837877045,13.30162122954789
1765562647.070286,SELL,0.3,MARKET,90000.0,NORMAL,89997.4431165158,2.556883484197897
1765562652.359808,SELL,0.3,MARKET,90000.0,NORMAL,89998.123555703,1.8764442969986703
1765562657.648104,SELL,0.3,MARKET,90000.0,NORMAL,89992.76590683268,7.234093167324318
1765562662.943521,SELL,0.3,MARKET,90000.0,NORMAL,89996.24919094417,3.750809055825812
1765562668.23706,SELL,0.3,MARKET,90000.0,NORMAL,89983.12121420844,16.878785791559494
1765562673.542769,SELL,0.3,MARKET,90000.0,NORMAL,89990.13061689549,9.869383104509325
1765562678.851613,SELL,0.3,MARKET,90000.0,NORMAL,89989.50113573889,10.49886426111334
1765562684.275187,SELL,0.3,MARKET,90000.0,NORMAL,89997.09217054135,2.907829458650667
1765562689.575365,SELL,0.3,MARKET,90000.0,NORMAL,89991.2667360977,8.733263902293402
1765562694.864058,SELL,0.3,MARKET,90000.0,NORMAL,89997.8916022753,2.1083977247035364
1765562700.1548958,SELL,0.3,MARKET,90000.0,NORMAL,89982.40059870169,17.59940129831375
1765562731.941531,SELL,0.5,MARKET,90000.0,NORMAL,89998.3543774256,1.6456225744041149
1765562780.4897301,SELL,0.1500961615574692,MARKET,90000.0,NORMAL,89987.9065190813,12.093480918701971
1765562785.8060732,SELL,0.1500961615574692,MARKET,90000.0,NORMAL,89982.79999746612,17.200002533878433
1765562791.113064,SELL,0.5,MARKET,90000.0,NORMAL,89999.09991645333,0.9000835466722492
1765562813.550555,SELL,0.5,MARKET,90000.0,NORMAL,89998.40873916072,1.5912608392827678
1765562818.835912,SELL,0.1500961615574692,MARKET,90000.0,NORMAL,89983.81608726866,16.183912731343298
1765562824.1264918,SELL,0.1601976503806787,MARKET,90000.0,NORMAL,89992.39244886005,7.607551139954012
1765562829.412195,SELL,0.1601976503806787,MARKET,90000.0,NORMAL,89994.59424796999,5.405752030012081
1765562834.754682,SELL,0.15414918888862147,MARKET,90000.0,NORMAL,89984.54522568612,15.454774313882808
1765562840.060197,SELL,0.1601976503806787,MARKET,90000.0,NORMAL,89993.2794745141,6.720525485899998
1765562845.348577,SELL,0.15754429845468945,MARKET,90000.0,NORMAL,89982.5883061729,17.41169382710359
1765562850.6331131,SELL,0.15754429845468945,MARKET,90000.0,NORMAL,89987.43757324594,12.562426754055195
1765562872.109032,SELL,0.15414918888861906,MARKET,90000.0,NORMAL,89987.0264848023,12.973515197692905
1765562945.832706,SELL,0.1500961615574692,MARKET,90000.0,NORMAL,89997.67743806494,2.322561935056001
1765562951.112885,SELL,0.5,MARKET,90000.0,NORMAL,89985.3780949119,14.62190508810454
1765562962.171829,SELL,0.5,MARKET,90000.0,NORMAL,89996.91231393596,3.087686064041918
1765562967.467476,SELL,0.5,MARKET,90000.0,NORMAL,89984.5806781985,15.419321801498882
1765562972.806744,SELL,0.5,MARKET,90000.0,NORMAL,89990.88416880953,9.115831190472818
1765562978.095954,SELL,0.1500961615574692,MARKET,90000.0,NORMAL,89998.2645600569,1.7354399431060301
1765562983.570528,SELL,0.1500961615574692,MARKET,90000.0,NORMAL,89982.35780463951,17.642195360487676
1765562988.866843,SELL,0.1500961615574692,MARKET,90000.0,NORMAL,89990.76438949649,9.235610503514181
1765562994.2981188,SELL,0.5,MARKET,90000.0,NORMAL,89988.09012277685,11.909877223151852
1765563035.053681,SELL,0.5,MARKET,90000.0,NORMAL,89990.4283724931,9.571627506898949
1765563041.446337,SELL,0.5,MARKET,90000.0,NORMAL,89988.32336325641,11.676636743592098
1765563063.342897,SELL,0.5,MARKET,90000.0,NORMAL,89999.86370597429,0.13629402570950333
1765563068.644809,SELL,0.5,MARKET,90000.0,NORMAL,89997.91637554277,2.0836244572274154
1765563069.08329,HOLD,0.0,LIMIT,90000.0,NORMAL,90000.0,0.0
1765563073.9434419,SELL,0.5,MARKET,90000.0,NORMAL,89989.4411008133,10.55889918669709
1765563079.48653,SELL,0.5,MARKET,90000.0,NORMAL,89982.50698150643,17.493018493565614
1765563084.768864,SELL,0.1500961615574692,MARKET,90000.0,NORMAL,89990.58269650736,9.417303492635256
1765563090.065284,SELL,0.1500961615574692,MARKET,90000.0,NORMAL,89999.9969648582,0.0030351417954079807
1765563128.911228,SELL,0.15754429845468945,MARKET,90000.0,NORMAL,89991.0362440292,8.963755970806233
1765563134.18697,SELL,0.15754429845468945,MARKET,90000.0,NORMAL,89989.2486537843,10.751346215693047
1765563139.566935,SELL,0.15802891989400716,MARKET,90000.0,NORMAL,89992.23488393975,7.765116060254513
1765563144.8770912,SELL,0.15802891989400716,MARKET,90000.0,NORMAL,89992.58259532771,7.417404672291013
1765563150.169415,SELL,0.15754429845468945,MARKET,90000.0,NORMAL,89995.37126332465,4.628736675353139
1765563155.459925,SELL,0.15754429845468945,MARKET,90000.0,NORMAL,89984.81820260799,15.181797392011504
1765563160.78142,SELL,0.15754429845468945,MARKET,90000.0,NORMAL,89987.65279637459,12.347203625409747
1765563166.0563998,SELL,0.15754429845468945,MARKET,90000.0,NORMAL,89988.11660029762,11.883399702375755
1765563171.346223,SELL,0.15754429845468945,MARKET,90000.0,NORMAL,89992.47353563755,7.526464362454135
1765563176.636511,SELL,0.15754429845468945,MARKET,90000.0,NORMAL,89999.1795626347,0.8204373652988579
1765563181.935623,SELL,0.1601976503806787,MARKET,90000.0,NORMAL,89984.93085951706,15.069140482941293
1765563187.223228,SELL,0.1601976503806787,MARKET,90000.0,NORMAL,89990.125017453,9.8749825470004
1765563192.508327,SELL,0.1601976503806787,MARKET,90000.0,NORMAL,89996.23433478811,3.765665211889427
1765563197.8095202,SELL,0.1601976503806787,MARKET,90000.0,NORMAL,89999.83829535203,0.16170464796596207
1765563203.241226,SELL,0.1601976503806787,MARKET,90000.0,NORMAL,89984.63762353847,15.362376461533131
1765563208.5540621,SELL,0.1601976503806787,MARKET,90000.0,NORMAL,89999.53725830193,0.46274169806565624
1765563213.9075358,SELL,0.1601976503806787,MARKET,90000.0,NORMAL,89994.08921599241,5.910784007588518
1765563219.2345111,SELL,0.1601976503806787,MARKET,90000.0,NORMAL,89992.6464501166,7.353549883395317
1765563224.523823,SELL,0.1601976503806787,MARKET,90000.0,NORMAL,89992.09362665538,7.9063733446237165
1765563229.823019,SELL,0.1601976503806787,MARKET,90000.0,NORMAL,89996.3640498647,3.635950135299936
1765563235.114594,SELL,0.1601976503806787,MARKET,90000.0,NORMAL,89995.04829314502,4.951706854975782
1765563240.4020228,SELL,0.1601976503806787,MARKET,90000.0,NORMAL,89992.14358415306,7.8564158469380345
1765563245.678265,SELL,0.1601976503806787,MARKET,90000.0,NORMAL,89995.48636634531,4.513633654685691
1765563250.978663,SELL,0.1601976503806787,MARKET,90000.0,NORMAL,89996.01228972951,3.9877102704922436
1765563256.273215,SELL,0.1601976503806787,MARKET,90000.0,NORMAL,89988.1818329716,11.818167028395692
1765563261.658744,SELL,0.1601976503806787,MARKET,90000.0,NORMAL,89995.29401524898,4.705984751024516
1765563266.9503071,SELL,0.1601976503806787,MARKET,90000.0,NORMAL,89997.32011117088,2.679888829123229
1765563272.287412,SELL,0.1601976503806787,MARKET,90000.0,NORMAL,89982.03010985891,17.9698901410884
1765563277.5867789,SELL,0.1601976503806787,MARKET,90000.0,NORMAL,89982.95038433417,17.0496156658337
1765563282.867702,SELL,0.1601976503806787,MARKET,90000.0,NORMAL,89990.1996329559,9.800367044095765
1765563288.166183,SELL,0.1601976503806787,MARKET,90000.0,NORMAL,89987.88119563067,12.118804369325517
1765563293.457527,SELL,0.15754429845468945,MARKET,90000.0,NORMAL,89997.89195037376,2.108049626243883
1765563298.76241,SELL,0.15754429845468945,MARKET,90000.0,NORMAL,89998.4206187343,1.5793812657066155
1765563304.045675,SELL,0.5,MARKET,90000.0,NORMAL,89985.04267634999,14.957323650014587
1765563309.3369129,SELL,0.5,MARKET,90000.0,NORMAL,89996.7292865092,3.270713490797789
1765563314.648133,SELL,0.5,MARKET,90000.0,NORMAL,89988.90912740331,11.090872596687404
1765563325.560632,SELL,0.5,MARKET,90000.0,NORMAL,89997.5197564385,2.480243561498355
1765563330.84177,SELL,0.151804951461664,MARKET,90000.0,NORMAL,89987.28633143836,12.713668561642407
1765563336.1381602,SELL,0.151804951461664,MARKET,90000.0,NORMAL,89995.70172739717,4.2982726028276375
1765563341.433507,SELL,0.151804951461664,MARKET,90000.0,NORMAL,89995.71420286853,4.285797131466097
1765563346.745436,SELL,0.151804951461664,MARKET,90000.0,NORMAL,89989.27708224986,10.722917750143097
1765563352.0473971,SELL,0.151804951461664,MARKET,90000.0,NORMAL,89984.17109644854,15.828903551460826
1765563357.3399549,SELL,0.15754429845468945,MARKET,90000.0,NORMAL,89992.88070412715,7.1192958728497615
1765563362.625509,SELL,0.1601976503806787,MARKET,90000.0,NORMAL,89984.04958175111,15.950418248889036
1765563367.914979,SELL,0.1601976503806787,MARKET,90000.0,NORMAL,89986.99268031296,13.007319687036215
1765563373.2056808,SELL,0.1601976503806787,MARKET,90000.0,NORMAL,89987.54762161282,12.45237838718458
1765563378.503032,SELL,0.1601976503806787,MARKET,90000.0,NORMAL,89995.17254617269,4.827453827310819
1765563383.8004649,SELL,0.1601976503806787,MARKET,90000.0,NORMAL,89984.95222538081,15.047774619190022
1765563389.1159449,SELL,0.1601976503806787,MARKET,90000.0,NORMAL,89999.42379785265,0.5762021473492496
1765563394.411087,SELL,0.1601976503806787,MARKET,90000.0,NORMAL,89988.97879353816,11.021206461839029
1765563399.6902862,SELL,0.1601976503806787,MARKET,90000.0,NORMAL,89986.51552197372,13.484478026279248
1765563405.0125709,SELL,0.1601976503806787,MARKET,90000.0,NORMAL,89987.51093785917,12.489062140826718
1765563410.301905,SELL,0.1601976503806787,MARKET,90000.0,NORMAL,89985.53025326773,14.469746732269414
1765563415.707019,SELL,0.1601976503806787,MARKET,90000.0,NORMAL,89997.21338089301,2.786619106991566
1765563421.005213,SELL,0.1601976503806787,MARKET,90000.0,NORMAL,89993.02009803543,6.979901964572491
1765563426.2864199,SELL,0.1601976503806787,MARKET,90000.0,NORMAL,89995.64388530464,4.356114695357974
1765563431.56846,SELL,0.1601976503806787,MARKET,90000.0,NORMAL,89990.05547562079,9.944524379214272
1765563436.8812969,SELL,0.1601976503806787,MARKET,90000.0,NORMAL,89992.49545070638,7.504549293618766
1765563442.327723,SELL,0.1601976503806787,MARKET,90000.0,NORMAL,89994.45577024552,5.544229754479602
1765563447.688556,SELL,0.1601976503806787,MARKET,90000.0,NORMAL,89996.09641409628,3.9035859037248883
1765563452.991433,SELL,0.1601976503806787,MARKET,90000.0,NORMAL,89986.08537464494,13.914625355057069
1765563458.2907012,SELL,0.1601976503806787,MARKET,90000.0,NORMAL,89982.17686520098,17.823134799022228
1765563463.588494,SELL,0.1601976503806787,MARKET,90000.0,NORMAL,89992.83078786191,7.169212138091098
1765563468.87535,SELL,0.1601976503806787,MARKET,90000.0,NORMAL,89998.47189845883,1.528101541174692
1765563474.214172,SELL,0.1601976503806787,MARKET,90000.0,NORMAL,89998.23971325826,1.760286741744494
1765563479.529141,SELL,0.1601976503806787,MARKET,90000.0,NORMAL,89993.63722373034,6.362776269656024
1765563484.840971,SELL,0.15754429845468945,MARKET,90000.0,NORMAL,89991.44230308323,8.557696916774148
1765563490.1648798,SELL,0.15754429845468945,MARKET,90000.0,NORMAL,89992.95093624922,7.049063750775531
1765563495.469377,SELL,0.1601976503806787,MARKET,90000.0,NORMAL,89982.46941616783,17.530583832165576
1765563500.728138,SELL,0.1601976503806787,MARKET,90000.0,NORMAL,89984.12121853768,15.878781462321058
1765563506.035491,SELL,0.1601976503806787,MARKET,90000.0,NORMAL,89984.93345147061,15.066548529386637
1765563511.338166,SELL,0.1601976503806787,MARKET,90000.0,NORMAL,89995.29084252343,4.709157476565451
1765563516.975116,SELL,0.15754429845468945,MARKET,90000.0,NORMAL,89994.8501772778,5.14982272220368
1765563524.404772,SELL,0.15754429845468945,MARKET,90000.0,NORMAL,89982.92664736419,17.073352635808988
1765563529.731445,SELL,0.15754429845468945,MARKET,90000.0,NORMAL,89997.49695320442,2.5030467955803033
1765563535.027539,SELL,0.15754429845468945,MARKET,90000.0,NORMAL,89985.038139864,14.961860135997995
1765563540.346051,SELL,0.15754429845468945,MARKET,90000.0,NORMAL,89993.86280252642,6.137197473581182
1765563546.3523042,SELL,0.1601976503806787,MARKET,90000.0,NORMAL,89998.04137146889,1.9586285311088432
1765563551.661505,SELL,0.1601976503806787,MARKET,90000.0,NORMAL,89987.36647877765,12.633521222349373
1765563556.953946,SELL,0.1601976503806787,MARKET,90000.0,NORMAL,89999.49786114093,0.5021388590685092
1765563562.271986,SELL,0.1601976503806787,MARKET,90000.0,NORMAL,89997.04425327928,2.955746720719617
1765563568.859765,SELL,0.1601976503806787,MARKET,90000.0,NORMAL,89985.6332621583,14.366737841701251
1765563574.226785,SELL,0.1601976503806787,MARKET,90000.0,NORMAL,89996.0855174988,3.914482501204475
1765563579.527551,SELL,0.1601976503806787,MARKET,90000.0,NORMAL,89988.7878675188,11.212132481203298
1765563584.828932,SELL,0.1601976503806787,MARKET,90000.0,NORMAL,89988.19602169415,11.803978305848432
1765563590.135201,SELL,0.1601976503806787,MARKET,90000.0,NORMAL,89995.21327056047,4.786729439525516
1765563595.827272,SELL,0.1601976503806787,MARKET,90000.0,NORMAL,89996.91223488537,3.087765114629292
1765563601.35768,SELL,0.5,MARKET,90000.0,NORMAL,89990.9441149165,9.055885083493195
1765563606.6426501,SELL,0.5,MARKET,90000.0,NORMAL,89992.55925471029,7.440745289713959
1765563612.066407,SELL,0.3,MARKET,90000.0,NORMAL,89995.47606593612,4.523934063880006
1765563617.362311,SELL,0.3,MARKET,90000.0,NORMAL,89984.68658444259,15.313415557408007
1765563622.66511,SELL,0.3,MARKET,90000.0,NORMAL,89993.50862598003,6.491374019969953
1765563628.2120268,SELL,0.3,MARKET,90000.0,NORMAL,89993.59179821207,6.408201787926373
1765563633.502547,SELL,0.5,MARKET,90000.0,NORMAL,89999.15024759555,0.8497524044505553
1765563638.798901,SELL,0.5,MARKET,90000.0,NORMAL,89999.79269126752,0.20730873248248827
1765563644.136152,SELL,0.5,MARKET,90000.0,NORMAL,89986.4880943046,13.511905695399037
1765563649.429719,SELL,0.5,MARKET,90000.0,NORMAL,89996.08930685378,3.9106931462156354
1765563654.7401888,SELL,0.5,MARKET,90000.0,NORMAL,89992.45420963754,7.545790362462867
1765563660.047986,SELL,0.5,MARKET,90000.0,NORMAL,89995.43744245582,4.5625575441808905
1765563665.350416,SELL,0.5,MARKET,90000.0,NORMAL,89982.01360934334,17.98639065666066
1765563670.621527,SELL,0.5,MARKET,90000.0,NORMAL,89993.25402949048,6.745970509524341
1765563675.924588,SELL,0.5,MARKET,90000.0,NORMAL,89992.12904043951,7.8709595604887
1765563731.252466,HOLD,0.5111111111111112,LIMIT,90000.0,NORMAL,90000.0,0.0
1765563739.587647,SELL,0.3,MARKET,90000.0,NORMAL,89993.67702559021,6.322974409791641
1765563744.996445,SELL,0.3,MARKET,90000.0,NORMAL,89986.67251285876,13.327487141243182
1765563750.5573702,SELL,0.3,MARKET,90000.0,NORMAL,89996.40005632138,3.599943678622367
1765563756.226675,SELL,0.3,MARKET,90000.0,NORMAL,89991.37531899798,8.624681002023863
1765563762.309519,SELL,0.3,MARKET,90000.0,NORMAL,89995.03861649807,4.961383501926321
1765563768.271095,SELL,0.3,MARKET,90000.0,NORMAL,89988.06904656501,11.930953434988623
1765563774.519092,SELL,0.3,MARKET,90000.0,NORMAL,89999.15603368806,0.843966311935219
1765563835.418389,SELL,0.3,MARKET,90000.0,NORMAL,89994.4811512621,5.5188487379055005
1765563840.8252501,SELL,0.3,MARKET,90000.0,NORMAL,89984.08154095925,15.918459040753078
1765563893.788082,BUY,0.3,MARKET,90000.0,NORMAL,90006.43770444652,6.4377044465218205
1765563899.080352,BUY,0.3,MARKET,90000.0,NORMAL,90000.35681097522,0.3568109752231976
1765563983.474565,SELL,0.1601976503806787,MARKET,90000.0,NORMAL,89983.47132815707,16.528671842926997
1765563988.798412,SELL,0.1601976503806787,MARKET,90000.0,NORMAL,89990.92103712402,9.078962875981233
1765564026.368802,SELL,0.5,MARKET,90000.0,NORMAL,89991.72592591982,8.27407408018189
1765564037.017586,SELL,0.5,MARKET,90000.0,NORMAL,89990.92172639666,9.078273603343405
1765564042.342984,SELL,0.5,MARKET,90000.0,NORMAL,89996.46307667719,3.536923322812072
1765564047.657325,SELL,0.1500961615574692,MARKET,90000.0,NORMAL,89991.89881832362,8.101181676378474
1765564052.980941,SELL,0.5,MARKET,90000.0,NORMAL,89984.1651104313,15.834889568694052
1765564058.296215,SELL,0.1500961615574692,MARKET,90000.0,NORMAL,89986.77097265032,13.229027349676471
1765564063.618757,SELL,0.1500961615574692,MARKET,90000.0,NORMAL,89991.67785329523,8.322146704769693
1765564068.951775,SELL,0.1500961615574692,MARKET,90000.0,NORMAL,89998.70810112181,1.2918988781893859
1765564074.266458,SELL,0.1500961615574692,MARKET,90000.0,NORMAL,89995.90674560987,4.093254390129005
1765564079.5825531,SELL,0.1500961615574692,MARKET,90000.0,NORMAL,89991.03350818703,8.966491812971071
1765564090.180279,SELL,0.1601976503806787,MARKET,90000.0,NORMAL,89983.13309175406,16.866908245938248
1765564095.476376,SELL,0.1601976503806787,MARKET,90000.0,NORMAL,89995.55659948321,4.443400516785914
1765564100.769221,SELL,0.1601976503806787,MARKET,90000.0,NORMAL,89988.46304239587,11.536957604126655
1765564106.095561,SELL,0.1601976503806787,MARKET,90000.0,NORMAL,89999.07519803257,0.9248019674269017
1765564111.398327,SELL,0.1601976503806787,MARKET,90000.0,NORMAL,89996.40947571558,3.5905242844164604
1765564116.686354,SELL,0.1601976503806787,MARKET,90000.0,NORMAL,89987.47899380478,12.52100619522389
1765564121.978796,SELL,0.1601976503806787,MARKET,90000.0,NORMAL,89987.08734065121,12.91265934878902
1765564127.310602,SELL,0.1601976503806787,MARKET,90000.0,NORMAL,89984.64475685928,15.355243140715174
1765564132.61226,SELL,0.1601976503806787,MARKET,90000.0,NORMAL,89986.36281894335,13.637181056648842
1765564137.9177248,SELL,0.1601976503806787,MARKET,90000.0,NORMAL,89987.2374441235,12.762555876499391
1765564143.228884,SELL,0.1601976503806787,MARKET,90000.0,NORMAL,89991.92468487026,8.075315129739465
1765564148.540274,SELL,0.1601976503806787,MARKET,90000.0,NORMAL,89998.41165446719,1.5883455328148557
1765564153.8461199,SELL,0.15754429845468945,MARKET,90000.0,NORMAL,89994.3704596007,5.629540399299003
1765564159.159178,SELL,0.15754429845468945,MARKET,90000.0,NORMAL,89996.68782220484,3.312177795160096
1765564164.474041,SELL,0.15274951348345844,MARKET,90000.0,NORMAL,89998.75382851365,1.2461714863457019
1765564170.018086,SELL,0.1601976503806787,MARKET,90000.0,NORMAL,89983.15769405886,16.842305941143422
1765564175.342387,SELL,0.1601976503806787,MARKET,90000.0,NORMAL,89995.03171290392,4.968287096082349
1765564180.664011,SELL,0.1601976503806787,MARKET,90000.0,NORMAL,89993.88013662321,6.119863376792637
1765564186.0149891,SELL,0.1601976503806787,MARKET,90000.0,NORMAL,89989.94250969125,10.057490308754495
1765564191.331653,SELL,0.15754429845468945,MARKET,90000.0,NORMAL,89998.87914547275,1.120854527252959
1765564196.668094,SELL,0.1601976503806787,MARKET,90000.0,NORMAL,89995.68337067394,4.316629326058319
1765564202.331646,SELL,0.1500961615574692,MARKET,90000.0,NORMAL,89997.25420694845,2.7457930515520275
1765564207.643706,SELL,0.1500961615574692,MARKET,90000.0,NORMAL,89994.91029038512,5.089709614883759
1765564212.973115,SELL,0.1500961615574692,MARKET,90000.0,NORMAL,89994.48772644287,5.512273557134904
1765564218.270797,SELL,0.5,MARKET,90000.0,NORMAL,89994.2665617232,5.73343827680219
1765564223.599963,SELL,0.1500961615574692,MARKET,90000.0,NORMAL,89996.57889157665,3.4211084233538713
1765564228.9291022,SELL,0.15754429845468945,MARKET,90000.0,NORMAL,89994.33495131432,5.6650486856815405
1765564234.380835,SELL,0.15754429845468945,MARKET,90000.0,NORMAL,89987.09535298651,12.90464701349265
1765564239.664489,SELL,0.15754429845468945,MARKET,90000.0,NORMAL,89997.26451152968,2.7354884703236166
1765564244.972964,SELL,0.15754429845468945,MARKET,90000.0,NORMAL,89994.7402010863,5.259798913699342
1765564250.296604,SELL,0.15754429845468945,MARKET,90000.0,NORMAL,89996.63016827754,3.36983172246255
1765564255.6135712,SELL,0.15754429845468945,MARKET,90000.0,NORMAL,89992.25872262126,7.741277378736413
1765564260.937034,SELL,0.1601976503806787,MARKET,90000.0,NORMAL,89993.3779186346,6.622081365407212
1765564266.251174,SELL,0.15754429845468945,MARKET,90000.0,NORMAL,89993.09122552078,6.9087744792195735
1765564271.549698,SELL,0.15754429845468945,MARKET,90000.0,NORMAL,89996.714328168,3.2856718319962965
1765564276.8505542,SELL,0.15754429845468945,MARKET,90000.0,NORMAL,89995.71432375473,4.285676245272043
1765564282.155381,SELL,0.15754429845468945,MARKET,90000.0,NORMAL,89999.340918307,0.6590816929965513
1765564287.439169,SELL,0.1601976503806787,MARKET,90000.0,NORMAL,89989.34234547423,10.65765452577034
1765564292.731515,SELL,0.1601976503806787,MARKET,90000.0,NORMAL,89993.73749326605,6.262506733954069
1765564298.169051,SELL,0.1601976503806787,MARKET,90000.0,NORMAL,89999.81623920749,0.18376079251174815
1765564303.519234,SELL,0.1601976503806787,MARKET,90000.0,NORMAL,89998.23439391988,1.765606080123689
1765564308.7948108,SELL,0.15754429845468945,MARKET,90000.0,NORMAL,89992.30005231767,7.699947682325728
1765564314.120078,SELL,0.15754429845468945,MARKET,90000.0,NORMAL,89992.74255595186,7.257444048140314
1765564319.449044,SELL,0.15754429845468945,MARKET,90000.0,NORMAL,89993.56513615586,6.4348638441442745
1765564324.765496,SELL,0.1500961615574692,MARKET,90000.0,NORMAL,89991.48723985798,8.51276014202449
1765564330.092948,SELL,0.5,MARKET,90000.0,NORMAL,89998.49779388099,1.502206119010225
1765564335.412071,SELL,0.5,MARKET,90000.0,NORMAL,89988.38318196242,11.616818037582561
1765564340.721075,SELL,0.1500961615574692,MARKET,90000.0,NORMAL,89991.6895564241,8.310443575901445
1765564346.067255,SELL,0.5,MARKET,90000.0,NORMAL,89998.94560064709,1.054399352913606
1765564351.415474,SELL,0.5,MARKET,90000.0,NORMAL,89991.49585574388,8.504144256119616
1765564356.748767,SELL,0.5,MARKET,90000.0,NORMAL,89982.77771319334,17.222286806660122
1765564362.084716,SELL,0.5,MARKET,90000.0,NORMAL,89999.05938734012,0.9406126598769333
1765564367.420455,SELL,0.5,MARKET,90000.0,NORMAL,89996.54337807342,3.456621926583466
1765564372.746805,SELL,0.5,MARKET,90000.0,NORMAL,89992.14121700318,7.858782996816444
1765564378.1187022,SELL,0.3,MARKET,90000.0,NORMAL,89995.94813678344,4.051863216562197
1765564394.121562,SELL,0.5,MARKET,90000.0,NORMAL,89988.98558809643,11.014411903568543
1765564405.194392,SELL,0.5,MARKET,90000.0,NORMAL,89993.07598260118,6.9240173988218885
1765564410.5386088,SELL,0.5,MARKET,90000.0,NORMAL,89985.06913205178,14.930867948220111
1765564415.8594828,SELL,0.5,MARKET,90000.0,NORMAL,89987.80657024702,12.193429752980592
1765564421.1759748,SELL,0.5,MARKET,90000.0,NORMAL,89988.61104887749,11.38895112251339
1765564448.07934,SELL,0.1500961615574692,MARKET,90000.0,NORMAL,89983.42240013993,16.57759986007295
1765564453.405353,SELL,0.1500961615574692,MARKET,90000.0,NORMAL,89991.19535057587,8.804649424128002
1765564458.72012,SELL,0.1500961615574692,MARKET,90000.0,NORMAL,89995.90386143519,4.096138564811554
1765564464.0406258,SELL,0.5,MARKET,90000.0,NORMAL,89990.44908321039,9.550916789608891
1765564469.367742,SELL,0.5,MARKET,90000.0,NORMAL,89985.89737565482,14.102624345177901
1765564485.238653,SELL,0.1500961615574692,MARKET,90000.0,NORMAL,89995.26569514368,4.734304856319795
1765564490.5780349,SELL,0.1500961615574692,MARKET,90000.0,NORMAL,89995.38289909055,4.617100909454166
1765565395.9040608,SELL,0.1601976503806787,MARKET,90000.0,NORMAL,89984.31792013501,15.682079864986008
1765565401.804636,SELL,0.15274951348345844,MARKET,90000.0,NORMAL,89983.99413154321,16.005868456792086
1765565407.251186,SELL,0.5,MARKET,90000.0,NORMAL,89993.48088004674,6.51911995325645
1765565412.591278,SELL,0.5,MARKET,90000.0,NORMAL,89985.08980819158,14.910191808419768
1765565417.920584,SELL,0.5,MARKET,90000.0,NORMAL,89995.20600662127,4.793993378727464
1765565423.255636,SELL,0.5,MARKET,90000.0,NORMAL,89994.94454005039,5.05545994960994
1765565428.623712,SELL,0.3,MARKET,90000.0,NORMAL,89982.56123058598,17.43876941401686
1765565433.994,SELL,0.5,MARKET,90000.0,NORMAL,89988.68110367529,11.318896324708476
1765565999.8572538,BUY,0.3,MARKET,90000.0,NORMAL,90014.74443155421,14.744431554208859
1765566053.932009,SELL,0.3,MARKET,90000.0,NORMAL,89991.53942858224,8.460571417759638
1765566059.445869,SELL,0.3,MARKET,90000.0,NORMAL,89986.83681041689,13.16318958310876
1765566102.758083,SELL,0.3,MARKET,90000.0,NORMAL,89993.54965640382,6.450343596181483
1765566108.167402,SELL,0.3,MARKET,90000.0,NORMAL,89996.22436155617,3.775638443825301
1765566113.5179641,SELL,0.3,MARKET,90000.0,NORMAL,89995.99344276931,4.006557230692124
1765566118.9306948,SELL,0.3,MARKET,90000.0,NORMAL,89990.05547246254,9.94452753746009
1765566129.599064,SELL,0.3,MARKET,90000.0,NORMAL,89996.82542364336,3.174576356643229
1765566135.086605,SELL,0.3,MARKET,90000.0,NORMAL,89997.27923866997,2.720761330027017
1765566140.567292,SELL,0.3,MARKET,90000.0,NORMAL,89999.1263249644,0.8736750356038101
1765566146.6524422,SELL,0.3,MARKET,90000.0,NORMAL,89998.41384945516,1.5861505448410753
1765566152.66465,SELL,0.3,MARKET,90000.0,NORMAL,89992.44103240392,7.558967596080038
1765566160.669245,SELL,0.3,MARKET,90000.0,NORMAL,89989.59516296987,10.404837030131603
1765566167.648818,SELL,0.3,MARKET,90000.0,NORMAL,89998.36314061917,1.6368593808292644
1765566174.289414,SELL,0.3,MARKET,90000.0,NORMAL,89998.18821881412,1.8117811858828645
1765566179.6438642,SELL,0.3,MARKET,90000.0,NORMAL,89999.75086062303,0.24913937697419897
1765566243.418925,BUY,0.3,MARKET,90000.0,NORMAL,90015.18405589656,15.184055896563223
1765566248.730583,BUY,0.3,MARKET,90000.0,NORMAL,90002.96056940414,2.9605694041383686
1765566254.0457458,BUY,0.3,MARKET,90000.0,NORMAL,90014.52818034482,14.528180344816064
1765566259.343374,BUY,0.3,MARKET,90000.0,NORMAL,90011.06808915059,11.068089150590822
1765566264.830667,BUY,0.3,MARKET,90000.0,NORMAL,90014.53404617384,14.53404617383785
1765566270.159362,BUY,0.3,MARKET,90000.0,NORMAL,90005.0057382584,5.005738258405472
1765566275.472634,BUY,0.3,MARKET,90000.0,NORMAL,90011.10839006491,11.108390064910054
1765566280.821505,BUY,0.3,MARKET,90000.0,NORMAL,90003.66875328892,3.668753288919106
1765566286.1699588,SELL,0.5,MARKET,90000.0,NORMAL,89983.72623372119,16.273766278813127
1765566291.634482,SELL,0.5,MARKET,90000.0,NORMAL,89985.98264756723,14.017352432769258
1765566297.1204119,SELL,0.5,MARKET,90000.0,NORMAL,89989.1050732251,10.894926774897613
1765566313.481539,SELL,0.3,MARKET,90000.0,NORMAL,89988.02962103518,11.970378964819247
1765566318.8077161,SELL,0.3,MARKET,90000.0,NORMAL,89983.91342285198,16.08657714801666
1765566324.1337411,SELL,0.3,MARKET,90000.0,NORMAL,89990.77612892444,9.223871075562784
1765566340.1576939,SELL,0.3,MARKET,90000.0,NORMAL,89994.82893436844,5.171065631555393
1765566345.49522,SELL,0.3,MARKET,90000.0,NORMAL,89993.10603764774,6.893962352260132
1765566350.862684,SELL,0.3,MARKET,90000.0,NORMAL,89991.84792565706,8.152074342942797
1765566356.1938298,SELL,0.3,MARKET,90000.0,NORMAL,89985.5202416775,14.479758322500857
1765566366.965142,SELL,0.3,MARKET,90000.0,NORMAL,89987.35354167757,12.64645832242968
1765566372.316007,SELL,0.3,MARKET,90000.0,NORMAL,89993.35447566985,6.645524330146145
1765566383.032141,SELL,0.3,MARKET,90000.0,NORMAL,89988.04719501657,11.952804983433452
1765566388.3659809,SELL,0.3,MARKET,90000.0,NORMAL,89991.92774804901,8.072251950987265
1765566393.6928,SELL,0.3,MARKET,90000.0,NORMAL,89993.3176467242,6.68235327579896
1765566399.01249,SELL,0.3,MARKET,90000.0,NORMAL,89986.37004753546,13.629952464543749
1765566404.3581388,SELL,0.3,MARKET,90000.0,NORMAL,89995.42559242767,4.574407572334167
1765566409.6750112,SELL,0.3,MARKET,90000.0,NORMAL,89994.60669281142,5.393307188584004
1765566414.997186,SELL,0.3,MARKET,90000.0,NORMAL,89991.9318599075,8.068140092495014
1765566420.376574,SELL,0.3,MARKET,90000.0,NORMAL,89987.2985611451,12.701438854899607
1765566468.410362,SELL,0.3,MARKET,90000.0,NORMAL,89996.47761300353,3.5223869964684127
1765566607.4443352,BUY,0.3,MARKET,90000.0,NORMAL,90016.33417879522,16.334178795223124
1765566612.75771,BUY,0.3,MARKET,90000.0,NORMAL,90013.09107869137,13.091078691373696
1765566618.071629,BUY,0.3,MARKET,90000.0,NORMAL,90011.14129992198,11.141299921975587
1765566623.398574,BUY,0.3,MARKET,90000.0,NORMAL,90017.51903106626,17.51903106625832
1765566628.73038,BUY,0.3,MARKET,90000.0,NORMAL,90017.1217049416,17.12170494160091
1765566634.05458,BUY,0.3,MARKET,90000.0,NORMAL,90006.0993008132,6.099300813206355
1765566644.7212539,BUY,0.3,MARKET,90000.0,NORMAL,90016.40363233772,16.40363233772223
1765566650.04846,BUY,0.3,MARKET,90000.0,NORMAL,90002.28395829363,2.2839582936285296
1765566655.3732722,BUY,0.3,MARKET,90000.0,NORMAL,90000.99361884565,0.9936188456485979
1765566676.7797918,SELL,0.5,MARKET,90000.0,NORMAL,89991.54253957933,8.45746042067185
1765566682.10438,SELL,0.5,MARKET,90000.0,NORMAL,89994.26004693308,5.739953066920862
1765566687.41598,SELL,0.5,MARKET,90000.0,NORMAL,89992.49535948114,7.5046405188622884
1765566719.459568,SELL,0.3,MARKET,90000.0,NORMAL,89982.83640640836,17.163593591641984
1765566746.392386,BUY,0.3,MARKET,90000.0,NORMAL,90012.17405194881,12.174051948808483
1765566751.829772,BUY,0.3,MARKET,90000.0,NORMAL,90007.63073492842,7.630734928417951
1765566757.16567,BUY,0.3,MARKET,90000.0,NORMAL,90004.46520261615,4.465202616149327
1765566789.275472,SELL,0.3,MARKET,90000.0,NORMAL,89994.86207788417,5.137922115827678
1765566794.947052,SELL,0.3,MARKET,90000.0,NORMAL,89982.96895797137,17.03104202862596
1765566800.311261,SELL,0.3,MARKET,90000.0,NORMAL,89986.4719664092,13.528033590802806
1765566805.642417,SELL,0.3,MARKET,90000.0,NORMAL,89994.93143582078,5.068564179222449
1765566811.217483,SELL,0.3,MARKET,90000.0,NORMAL,89998.42440281733,1.5755971826729365
1765566816.7472692,SELL,0.3,MARKET,90000.0,NORMAL,89989.97435835436,10.025641645639553
1765566822.296782,SELL,0.3,MARKET,90000.0,NORMAL,89996.95575069528,3.044249304715777
1765566827.707392,SELL,0.3,MARKET,90000.0,NORMAL,89982.33928333479,17.660716665210202
1765566833.15134,SELL,0.3,MARKET,90000.0,NORMAL,89999.90352724676,0.09647275324095972
1765566838.633177,SELL,0.3,MARKET,90000.0,NORMAL,89994.17777008428,5.822229915720527
1765566881.977154,BUY,0.3,MARKET,90000.0,NORMAL,90005.19638438096,5.196384380964446
1765566887.420133,BUY,0.3,MARKET,90000.0,NORMAL,90000.26676334678,0.2667633467790438
1765566935.946265,BUY,0.3,MARKET,90000.0,NORMAL,90013.04471542338,13.044715423384332
1765566941.3376992,SELL,0.5,MARKET,90000.0,NORMAL,89987.65576752707,12.344232472925796
1765566946.768586,SELL,0.5,MARKET,90000.0,NORMAL,89987.90116987786,12.09883012213686
1765566952.241076,SELL,0.5,MARKET,90000.0,NORMAL,89998.2316740841,1.7683259158948204
1765566957.707875,SELL,0.5,MARKET,90000.0,NORMAL,89988.75380321944,11.246196780557511
1765566963.160613,SELL,0.5,MARKET,90000.0,NORMAL,89992.0881913035,7.911808696502703
1765566979.499407,SELL,0.5,MARKET,90000.0,NORMAL,89996.21710567232,3.782894327683607
1765567011.51732,SELL,0.5,MARKET,90000.0,NORMAL,89996.86804390444,3.1319560955598718
1765567016.8493881,SELL,0.5,MARKET,90000.0,NORMAL,89982.24005487036,17.759945129640982
1765567022.168427,SELL,0.5,MARKET,90000.0,NORMAL,89997.69954417,2.300455830001738
1765567027.6457238,SELL,0.5,MARKET,90000.0,NORMAL,89992.31603379907,7.683966200929717
1765567054.1726332,SELL,0.5,MARKET,90000.0,NORMAL,89989.79139499729,10.208605002713739
1765567059.508275,SELL,0.5,MARKET,90000.0,NORMAL,89989.31559343626,10.684406563741504
1765567064.84815,SELL,0.5,MARKET,90000.0,NORMAL,89997.43000259335,2.5699974066519644
1765567070.1925912,SELL,0.5,MARKET,90000.0,NORMAL,89984.90290380415,15.097096195851918
1765567075.513741,BUY,0.3,MARKET,90000.0,NORMAL,90010.40692419317,10.406924193172017
1765567080.8243442,SELL,0.5,MARKET,90000.0,NORMAL,89994.81936223825,5.180637761746766
1765567144.9144902,SELL,0.3,MARKET,90000.0,NORMAL,89984.4695781935,15.530421806499362
1765567150.245654,SELL,0.3,MARKET,90000.0,NORMAL,89983.72082837478,16.27917162522499
1765567155.570763,SELL,0.3,MARKET,90000.0,NORMAL,89991.24028238696,8.759717613036628
1765567166.210338,SELL,0.3,MARKET,90000.0,NORMAL,89986.38513203683,13.61486796317331
1765567203.58052,SELL,0.5,MARKET,90000.0,NORMAL,89985.96711688674,14.032883113264688
1765567208.8951218,SELL,0.5,MARKET,90000.0,NORMAL,89998.87838053826,1.121619461744558
1765567214.215908,SELL,0.5,MARKET,90000.0,NORMAL,89986.70365980771,13.29634019228979
1765567219.52176,SELL,0.5,MARKET,90000.0,NORMAL,89998.350759547,1.6492404529999476
1765567224.8427122,SELL,0.5,MARKET,90000.0,NORMAL,89984.59031628411,15.409683715886786
1765567230.165185,SELL,0.5,MARKET,90000.0,NORMAL,89989.00587427028,10.99412572971778
1765567235.510089,SELL,0.1500961615574692,MARKET,90000.0,NORMAL,89986.0118225445,13.988177455496043
1765567240.8281522,SELL,0.1500961615574692,MARKET,90000.0,NORMAL,89994.9015138761,5.098486123897601
1765567246.1438231,SELL,0.15754429845468945,MARKET,90000.0,NORMAL,89999.38178939877,0.6182106012274744
1765567251.481559,SELL,0.15754429845468945,MARKET,90000.0,NORMAL,89985.09513828628,14.904861713715945
1765567256.9601018,SELL,0.15754429845468945,MARKET,90000.0,NORMAL,89999.13852294485,0.861477055150317
1765567262.27869,SELL,0.1601976503806787,MARKET,90000.0,NORMAL,89991.62358241649,8.376417583509465
1765567267.603756,SELL,0.1601976503806787,MARKET,90000.0,NORMAL,89996.01791975817,3.982080241825315
1765567273.031952,SELL,0.1601976503806787,MARKET,90000.0,NORMAL,89987.04210463777,12.957895362225827
1765567278.362903,SELL,0.1601976503806787,MARKET,90000.0,NORMAL,89997.91926999143,2.080730008572573
1765567283.710801,SELL,0.1601976503806787,MARKET,90000.0,NORMAL,89995.26716335697,4.7328366430301685
1765567289.051853,SELL,0.1601976503806787,MARKET,90000.0,NORMAL,89985.3080972241,14.691902775899507
1765567294.367349,SELL,0.1601976503806787,MARKET,90000.0,NORMAL,89984.81446851636,15.18553148364299
1765567299.736962,SELL,0.15274951348345844,MARKET,90000.0,NORMAL,89983.87112112285,16.128878877148964
1765567305.07106,SELL,0.1515107597716293,MARKET,90000.0,NORMAL,89994.54069960244,5.4593003975605825
1765567310.7810822,SELL,0.1515107597716293,MARKET,90000.0,NORMAL,89996.7274643439,3.2725356560986256
1765567316.1293702,SELL,0.5,MARKET,90000.0,NORMAL,89983.79357745365,16.206422546354588
1765567327.5081139,SELL,0.5,MARKET,90000.0,NORMAL,89996.03649068721,3.9635093127872096
1765567332.849576,SELL,0.5,MARKET,90000.0,NORMAL,89988.89130916761,11.108690832392313
1765567338.90418,SELL,0.5,MARKET,90000.0,NORMAL,89994.52720007252,5.472799927476444
1765567344.214989,SELL,0.5,MARKET,90000.0,NORMAL,89982.0121063447,17.98789365529956
1765567349.547165,SELL,0.5,MARKET,90000.0,NORMAL,89991.80342696117,8.196573038832867
1765567354.926999,SELL,0.5,MARKET,90000.0,NORMAL,89991.0210788755,8.978921124493354
1765567360.310449,SELL,0.5,MARKET,90000.0,NORMAL,89982.43228606092,17.567713939075475
1765567365.629162,SELL,0.5,MARKET,90000.0,NORMAL,89985.95892284908,14.041077150919591
1765567370.9581702,SELL,0.5,MARKET,90000.0,NORMAL,89986.1629829232,13.837017076803022
1765567376.26609,SELL,0.5,MARKET,90000.0,NORMAL,89982.97248682896,17.027513171036844
1765567381.649497,SELL,0.1601976503806787,MARKET,90000.0,NORMAL,89993.9933727879,6.006627212103922
1765567387.0713952,SELL,0.1601976503806787,MARKET,90000.0,NORMAL,89984.75065702928,15.249342970724683
1765567392.404331,SELL,0.15754429845468945,MARKET,90000.0,NORMAL,89999.55773148798,0.4422685120225651
1765567397.7422788,SELL,0.3,MARKET,90000.0,NORMAL,89984.19792988805,15.802070111953071
1765567403.061908,SELL,0.3,MARKET,90000.0,NORMAL,89989.84961014424,10.150389855756657
1765567408.545565,SELL,0.3,MARKET,90000.0,NORMAL,89987.57151668283,12.428483317169594
1765567413.979263,SELL,0.3,MARKET,90000.0,NORMAL,89993.11313608845,6.886863911553519
1765567419.291664,SELL,0.15754429845468945,MARKET,90000.0,NORMAL,89998.68295107911,1.317048920886009
1765567424.613458,SELL,0.15274951348345844,MARKET,90000.0,NORMAL,89985.66957946059,14.330420539408806
1765567429.9239318,SELL,0.15754429845468945,MARKET,90000.0,NORMAL,89985.21132085963,14.788679140372551
1765567435.278754,SELL,0.15754429845468945,MARKET,90000.0,NORMAL,89995.66576989512,4.334230104883318
1765567440.709325,SELL,0.5,MARKET,90000.0,NORMAL,89984.00262969415,15.997370305849472
1765567446.043545,SELL,0.5,MARKET,90000.0,NORMAL,89988.06810451567,11.931895484332927
1765567451.3624918,SELL,0.15754429845468945,MARKET,90000.0,NORMAL,89982.26188900262,17.738110997379408
1765567456.676322,SELL,0.15754429845468945,MARKET,90000.0,NORMAL,89989.49421384765,10.505786152352812
1765567462.0090508,SELL,0.15754429845468945,MARKET,90000.0,NORMAL,89982.36432834582,17.635671654177713
1765567467.350601,SELL,0.15754429845468945,MARKET,90000.0,NORMAL,89986.84369082225,13.15630917774979
1765567472.804118,SELL,0.15754429845468945,MARKET,90000.0,NORMAL,89999.39235738349,0.6076426165091107
1765567478.121311,SELL,0.15754429845468945,MARKET,90000.0,NORMAL,89988.94722677537,11.052773224626435
1765567483.479702,SELL,0.15754429845468945,MARKET,90000.0,NORMAL,89997.71213154525,2.2878684547467856
1765567488.7863522,SELL,0.15754429845468945,MARKET,90000.0,NORMAL,89998.20722386704,1.7927761329628993
1765567494.1024692,SELL,0.15754429845468945,MARKET,90000.0,NORMAL,89985.75487516868,14.24512483131548
1765567499.4319842,SELL,0.15754429845468945,MARKET,90000.0,NORMAL,89983.25251385578,16.747486144216964
1765567504.762897,SELL,0.1601976503806787,MARKET,90000.0,NORMAL,89999.66659240614,0.33340759386192076
1765567510.129569,SELL,0.1601976503806787,MARKET,90000.0,NORMAL,89999.26828314477,0.7317168552253861
1765567515.436936,SELL,0.1601976503806787,MARKET,90000.0,NORMAL,89983.44035194363,16.559648056369042
1765567520.747065,SELL,0.1601976503806787,MARKET,90000.0,NORMAL,89984.345503021,15.654496978997486
1765567526.062989,SELL,0.1601976503806787,MARKET,90000.0,NORMAL,89992.86140565888,7.138594341115095
1765567531.372961,SELL,0.1601976503806787,MARKET,90000.0,NORMAL,89984.85182649195,15.148173508045147
1765567536.797227,SELL,0.1601976503806787,MARKET,90000.0,NORMAL,89995.32829818712,4.671701812883839
1765567542.135991,SELL,0.1601976503806787,MARKET,90000.0,NORMAL,89997.11292504768,2.887074952319381
1765567547.458233,SELL,0.1601976503806787,MARKET,90000.0,NORMAL,89984.79059199798,15.20940800201788
1765567552.79002,SELL,0.15754429845468945,MARKET,90000.0,NORMAL,89998.7555651827,1.2444348173012258
1765567558.111051,SELL,0.15754429845468945,MARKET,90000.0,NORMAL,89985.46549900454,14.534500995461713
1765567563.427779,SELL,0.5,MARKET,90000.0,NORMAL,89991.5804341812,8.4195658187964
1765567568.767224,SELL,0.3,MARKET,90000.0,NORMAL,89999.76697914608,0.2330208539206069
1765567574.190051,SELL,0.3,MARKET,90000.0,NORMAL,89988.94576301286,11.05423698714003
1765567579.530653,SELL,0.3,MARKET,90000.0,NORMAL,89990.62230860493,9.377691395071452
1765567584.848845,SELL,0.3,MARKET,90000.0,NORMAL,89984.61455219939,15.385447800610564
1765567590.18163,SELL,0.3,MARKET,90000.0,NORMAL,89993.63835317855,6.361646821445902
1765567595.503354,SELL,0.3,MARKET,90000.0,NORMAL,89998.46857367369,1.5314263263135217
1765567600.844963,SELL,0.3,MARKET,90000.0,NORMAL,89989.5444721318,10.455527868194622
1765567606.167577,SELL,0.3,MARKET,90000.0,NORMAL,89988.8277864098,11.172213590194588
1765567611.496788,SELL,0.3,MARKET,90000.0,NORMAL,89992.69998431407,7.300015685934341
1765567616.811921,SELL,0.3,MARKET,90000.0,NORMAL,89991.12582744463,8.874172555370023
1765567739.827414,SELL,0.5,MARKET,90000.0,NORMAL,89992.67347181028,7.326528189718374
1765567745.141676,SELL,0.5,MARKET,90000.0,NORMAL,89987.14946198786,12.850538012135075
1765567750.468343,SELL,0.5,MARKET,90000.0,NORMAL,89987.01864826377,12.981351736234501
1765567755.83076,SELL,0.5,MARKET,90000.0,NORMAL,89993.98898195953,6.011018040473573
1765567761.143424,SELL,0.1500961615574692,MARKET,90000.0,NORMAL,89998.40280602116,1.5971939788432792
1765567766.595042,SELL,0.1500961615574692,MARKET,90000.0,NORMAL,89982.231175847,17.768824152997695
1765568577.710537,BUY,0.3747362273080008,MARKET,90000.0,NORMAL,90010.46075314826,10.460753148261574
1765568588.2399738,BUY,0.37213051659720287,MARKET,90000.0,NORMAL,90004.0484601541,4.048460154095665
1765568593.5170481,BUY,0.3732443060193743,MARKET,90000.0,NORMAL,90010.04035133732,10.040351337316679
1765568683.89258,BUY,0.37541388102940154,MARKET,90000.0,NORMAL,90014.67879703897,14.678797038970515
1765568689.20795,BUY,0.37407703399658204,MARKET,90000.0,NORMAL,90015.82808058916,15.828080589155434
1765568694.484185,BUY,0.3741012845720564,MARKET,90000.0,NORMAL,90001.21473974218,1.2147397421795176
1765568699.7569642,BUY,0.37217111587524415,MARKET,90000.0,NORMAL,90008.62363101986,8.623631019858294
1765568731.473866,BUY,0.374011196408953,MARKET,90000.0,NORMAL,90010.04016764903,10.040167649029172
1765568736.739468,BUY,0.374074581691197,MARKET,90000.0,NORMAL,90008.30919700112,8.309197001115535
1765568742.029998,BUY,0.37410097803388326,MARKET,90000.0,NORMAL,90012.60490091382,12.604900913822348
1765568747.299978,BUY,0.37410506520952497,MARKET,90000.0,NORMAL,90011.71916661739,11.71916661738942
1765568752.5898721,BUY,0.3741116387503488,MARKET,90000.0,NORMAL,90016.15056676629,16.15056676628592
1765568758.0233889,BUY,0.3753030504499163,MARKET,90000.0,NORMAL,90001.40481386137,1.4048138613725314
